n.id,name_node_a,id_node_b,name_node_b,id_relationship
eeca1815ef2efc089f12bfe8c1c4c7f7-c81e728d9d4c2f636f067f89cc14862c,Team3,f496c7004f07dba853bf8fadc28c9650-c81e728d9d4c2f636f067f89cc14862c,Daniel,78031203cb9f8df3b96024f973e93dce-c81e728d9d4c2f636f067f89cc14862c
eeca1815ef2efc089f12bfe8c1c4c7f7-c81e728d9d4c2f636f067f89cc14862c,Team3,1ae7f988daa7541df8d9eba692e3949d-c81e728d9d4c2f636f067f89cc14862c,Marcela,920da6fdbb28002170bd11ac31f931fa-c81e728d9d4c2f636f067f89cc14862c
eeca1815ef2efc089f12bfe8c1c4c7f7-c81e728d9d4c2f636f067f89cc14862c,Team3,a5b6fc8ad5a79c2b57af4137389a7b6b-c81e728d9d4c2f636f067f89cc14862c,Marcelo,d5f338d4f13a96698fda12514a76e4ad-c81e728d9d4c2f636f067f89cc14862c
73cceb4a6d1f1fd7e91d38c2b906be15-c81e728d9d4c2f636f067f89cc14862c,Team2,e726642e86168eacfeee3fa8c4da012e-c81e728d9d4c2f636f067f89cc14862c,Leonardo,bad0c7e4278c68df0eeadaaa9499f260-c81e728d9d4c2f636f067f89cc14862c
73cceb4a6d1f1fd7e91d38c2b906be15-c81e728d9d4c2f636f067f89cc14862c,Team2,10c246e19e023f335e179b937c28a6da-c81e728d9d4c2f636f067f89cc14862c,Matias,ff8fe587c76f4587b2fe3c6a4bd98d86-c81e728d9d4c2f636f067f89cc14862c
73cceb4a6d1f1fd7e91d38c2b906be15-c81e728d9d4c2f636f067f89cc14862c,Team2,822736b3fe21296f7d5c35a5e13d3ca3-c81e728d9d4c2f636f067f89cc14862c,Luciana,da8783698ff8004d5d1a5a91939064c2-c81e728d9d4c2f636f067f89cc14862c
73cceb4a6d1f1fd7e91d38c2b906be15-c81e728d9d4c2f636f067f89cc14862c,Team2,bcb93d9680b08656367b3682a9b4c127-c81e728d9d4c2f636f067f89cc14862c,Lionel,a7aaf9d986e5c2da5566842b84cfc3de-c81e728d9d4c2f636f067f89cc14862c
73cceb4a6d1f1fd7e91d38c2b906be15-c81e728d9d4c2f636f067f89cc14862c,Team2,f9fdac801645d8b673ce785f01658a1e-c81e728d9d4c2f636f067f89cc14862c,Miguel,49d73ee56be132b8d72845bd69b16e1d-c81e728d9d4c2f636f067f89cc14862c
1ae7f988daa7541df8d9eba692e3949d-c81e728d9d4c2f636f067f89cc14862c,Marcela,7d49add0d0c4fa941e927e85ad5226f2-a87ff679a2f3e71d9181a67b7542122c,Developer,97af5b9ea14515d4b93949b519586b9e-c81e728d9d4c2f636f067f89cc14862c
1ae7f988daa7541df8d9eba692e3949d-c81e728d9d4c2f636f067f89cc14862c,Marcela,342c8909ccc271dbb9d83e960fd04b00-a87ff679a2f3e71d9181a67b7542122c,windows,f5cb76e07e183a1c3fc6b354c2929395-c81e728d9d4c2f636f067f89cc14862c
1ae7f988daa7541df8d9eba692e3949d-c81e728d9d4c2f636f067f89cc14862c,Marcela,35c4798d0240368c638e55bae0d57ffa-a87ff679a2f3e71d9181a67b7542122c,Linux,6bfd7bf7a1d50d5a4c945ed0022279f1-c81e728d9d4c2f636f067f89cc14862c
1ae7f988daa7541df8d9eba692e3949d-c81e728d9d4c2f636f067f89cc14862c,Marcela,e9305b36f4ce5b64e3ffdde4cb4414df-a87ff679a2f3e71d9181a67b7542122c,MySQL,dc8f11843caef21e9c043e19873bb41b-c81e728d9d4c2f636f067f89cc14862c
1ae7f988daa7541df8d9eba692e3949d-c81e728d9d4c2f636f067f89cc14862c,Marcela,bbbe1fbd5a476cc46c35ea4b051c1a36-a87ff679a2f3e71d9181a67b7542122c,phyton,37689a914469ac3cbda1928c40a46992-c81e728d9d4c2f636f067f89cc14862c
1ae7f988daa7541df8d9eba692e3949d-c81e728d9d4c2f636f067f89cc14862c,Marcela,2320e632b8e006a33216f6b3a1c78578-a87ff679a2f3e71d9181a67b7542122c,SQL Server,b26bed07c37985affd5144308f6b3c00-c81e728d9d4c2f636f067f89cc14862c
f496c7004f07dba853bf8fadc28c9650-c81e728d9d4c2f636f067f89cc14862c,Daniel,4bc67c9e6001ce92edd195848030cb53-a87ff679a2f3e71d9181a67b7542122c,Technical Leader,2aeeba3e87e7023843999135a6f88b63-c81e728d9d4c2f636f067f89cc14862c
f496c7004f07dba853bf8fadc28c9650-c81e728d9d4c2f636f067f89cc14862c,Daniel,13858423f507c2e000f9928b1c241ee2-a87ff679a2f3e71d9181a67b7542122c,Oracle Cloud,e5598217bbff2703ef102b4ad0af8f3a-c81e728d9d4c2f636f067f89cc14862c
f496c7004f07dba853bf8fadc28c9650-c81e728d9d4c2f636f067f89cc14862c,Daniel,a58efbe1a239da9280f6c0fe19958655-a87ff679a2f3e71d9181a67b7542122c,Google cloud,6716059a5172fa74777118762a391d45-c81e728d9d4c2f636f067f89cc14862c
f496c7004f07dba853bf8fadc28c9650-c81e728d9d4c2f636f067f89cc14862c,Daniel,e9305b36f4ce5b64e3ffdde4cb4414df-a87ff679a2f3e71d9181a67b7542122c,MySQL,e5b3d2f141604da4cb288ff2913ee49e-c81e728d9d4c2f636f067f89cc14862c
f496c7004f07dba853bf8fadc28c9650-c81e728d9d4c2f636f067f89cc14862c,Daniel,7658e020131c329d176f7ad2d46b0c42-a87ff679a2f3e71d9181a67b7542122c,Oracle,00b9d3b61f7e5128142535c32fdd7665-c81e728d9d4c2f636f067f89cc14862c
f496c7004f07dba853bf8fadc28c9650-c81e728d9d4c2f636f067f89cc14862c,Daniel,2320e632b8e006a33216f6b3a1c78578-a87ff679a2f3e71d9181a67b7542122c,SQL Server,d994966bd98e1a55fbcf48d5c08815d7-c81e728d9d4c2f636f067f89cc14862c
f496c7004f07dba853bf8fadc28c9650-c81e728d9d4c2f636f067f89cc14862c,Daniel,f61ef2e9dee2b13b9d5bc95d26cd2ce4-a87ff679a2f3e71d9181a67b7542122c,PostgreSQL,f4ee20a08cdb8f3286f4b842628b170c-c81e728d9d4c2f636f067f89cc14862c
f496c7004f07dba853bf8fadc28c9650-c81e728d9d4c2f636f067f89cc14862c,Daniel,c064dffb1a0f1a937b56ee9c0c0a0b9c-a87ff679a2f3e71d9181a67b7542122c,unix,0681e3e65f5051fe895cff6ce40c291e-c81e728d9d4c2f636f067f89cc14862c
f496c7004f07dba853bf8fadc28c9650-c81e728d9d4c2f636f067f89cc14862c,Daniel,de1284aa9ed99ad37c8259c2028b161c-a87ff679a2f3e71d9181a67b7542122c,ODI,3b6309cf01fa7588efcca3469f41f3e8-c81e728d9d4c2f636f067f89cc14862c
f496c7004f07dba853bf8fadc28c9650-c81e728d9d4c2f636f067f89cc14862c,Daniel,35c4798d0240368c638e55bae0d57ffa-a87ff679a2f3e71d9181a67b7542122c,Linux,5acbe3aee600d4592d46ea0889b4f5c8-c81e728d9d4c2f636f067f89cc14862c
f496c7004f07dba853bf8fadc28c9650-c81e728d9d4c2f636f067f89cc14862c,Daniel,f6776d9a7bd892cf529b2bda3ca42d8b-a87ff679a2f3e71d9181a67b7542122c,Docker,78c94d33477eabbd7c4e5e40e764d038-c81e728d9d4c2f636f067f89cc14862c
f496c7004f07dba853bf8fadc28c9650-c81e728d9d4c2f636f067f89cc14862c,Daniel,7e978e6cfaa3e6de95722312e007357f-a87ff679a2f3e71d9181a67b7542122c,Hadoop,e2bf1ff5ede36b5b4de4f152fa781364-c81e728d9d4c2f636f067f89cc14862c
f496c7004f07dba853bf8fadc28c9650-c81e728d9d4c2f636f067f89cc14862c,Daniel,0d19f40ecc4c80ff14c2c225998be837-a87ff679a2f3e71d9181a67b7542122c,Spark,0d6a73dce5cc6cf7559b48bcb0d9befc-c81e728d9d4c2f636f067f89cc14862c
f496c7004f07dba853bf8fadc28c9650-c81e728d9d4c2f636f067f89cc14862c,Daniel,d37772bf703931e76d906eaafe580293-a87ff679a2f3e71d9181a67b7542122c,S3,8face6ae8a9e6f3a52e91a39dc5ffd0a-c81e728d9d4c2f636f067f89cc14862c
f496c7004f07dba853bf8fadc28c9650-c81e728d9d4c2f636f067f89cc14862c,Daniel,886f0d10fd11a0fb8f50aa3b4eb4b2ba-a87ff679a2f3e71d9181a67b7542122c,EC2,bf9bfd67694eac991b4aef5cf58cdfe6-c81e728d9d4c2f636f067f89cc14862c
e726642e86168eacfeee3fa8c4da012e-c81e728d9d4c2f636f067f89cc14862c,Leonardo,2320e632b8e006a33216f6b3a1c78578-a87ff679a2f3e71d9181a67b7542122c,SQL Server,166348693bdfdd787ed9de79fb714bb1-c81e728d9d4c2f636f067f89cc14862c
e726642e86168eacfeee3fa8c4da012e-c81e728d9d4c2f636f067f89cc14862c,Leonardo,35c4798d0240368c638e55bae0d57ffa-a87ff679a2f3e71d9181a67b7542122c,Linux,5a0b69eb8a2a6ebe2b45a24bd65e8293-c81e728d9d4c2f636f067f89cc14862c
e726642e86168eacfeee3fa8c4da012e-c81e728d9d4c2f636f067f89cc14862c,Leonardo,e9305b36f4ce5b64e3ffdde4cb4414df-a87ff679a2f3e71d9181a67b7542122c,MySQL,c93063c6040fc818752bd79fe469dbe2-c81e728d9d4c2f636f067f89cc14862c
e726642e86168eacfeee3fa8c4da012e-c81e728d9d4c2f636f067f89cc14862c,Leonardo,202a4729f08cfad5658fb7a6fb4ab47a-a87ff679a2f3e71d9181a67b7542122c,java,3fcd5c449250a68fadb0ff7d4ec6c818-c81e728d9d4c2f636f067f89cc14862c
e726642e86168eacfeee3fa8c4da012e-c81e728d9d4c2f636f067f89cc14862c,Leonardo,7d49add0d0c4fa941e927e85ad5226f2-a87ff679a2f3e71d9181a67b7542122c,Developer,5939ec5f853a2d393ccb910609fb916f-c81e728d9d4c2f636f067f89cc14862c
10c246e19e023f335e179b937c28a6da-c81e728d9d4c2f636f067f89cc14862c,Matias,35c4798d0240368c638e55bae0d57ffa-a87ff679a2f3e71d9181a67b7542122c,Linux,d95e23fa7cbb5d414d50bc2983c137a6-c81e728d9d4c2f636f067f89cc14862c
10c246e19e023f335e179b937c28a6da-c81e728d9d4c2f636f067f89cc14862c,Matias,2320e632b8e006a33216f6b3a1c78578-a87ff679a2f3e71d9181a67b7542122c,SQL Server,4edc2af7e8b4aedeb6e4737c4ace1cad-c81e728d9d4c2f636f067f89cc14862c
10c246e19e023f335e179b937c28a6da-c81e728d9d4c2f636f067f89cc14862c,Matias,202a4729f08cfad5658fb7a6fb4ab47a-a87ff679a2f3e71d9181a67b7542122c,java,80e4385d72005d9923cecb78f9fb6d20-c81e728d9d4c2f636f067f89cc14862c
10c246e19e023f335e179b937c28a6da-c81e728d9d4c2f636f067f89cc14862c,Matias,e9305b36f4ce5b64e3ffdde4cb4414df-a87ff679a2f3e71d9181a67b7542122c,MySQL,755b961ff79a42bb00bebb67984ceea9-c81e728d9d4c2f636f067f89cc14862c
10c246e19e023f335e179b937c28a6da-c81e728d9d4c2f636f067f89cc14862c,Matias,7d49add0d0c4fa941e927e85ad5226f2-a87ff679a2f3e71d9181a67b7542122c,Developer,38f44376f57ad0c2054d8858208445fb-c81e728d9d4c2f636f067f89cc14862c
bcb93d9680b08656367b3682a9b4c127-c81e728d9d4c2f636f067f89cc14862c,Lionel,4631193902bfaa235973c349bce7a3a7-a87ff679a2f3e71d9181a67b7542122c,Kubernetes,4617a67947c8b03de5d3ffcdac7a2d2f-c81e728d9d4c2f636f067f89cc14862c
bcb93d9680b08656367b3682a9b4c127-c81e728d9d4c2f636f067f89cc14862c,Lionel,bbbe1fbd5a476cc46c35ea4b051c1a36-a87ff679a2f3e71d9181a67b7542122c,phyton,ce4cfbb8090c9bb6b2630d88f0b1af56-c81e728d9d4c2f636f067f89cc14862c
bcb93d9680b08656367b3682a9b4c127-c81e728d9d4c2f636f067f89cc14862c,Lionel,202a4729f08cfad5658fb7a6fb4ab47a-a87ff679a2f3e71d9181a67b7542122c,java,9a5775bee61bee479a97c5eda2341d29-c81e728d9d4c2f636f067f89cc14862c
bcb93d9680b08656367b3682a9b4c127-c81e728d9d4c2f636f067f89cc14862c,Lionel,2320e632b8e006a33216f6b3a1c78578-a87ff679a2f3e71d9181a67b7542122c,SQL Server,4829005fb663b4ddba3a474e935fd70a-c81e728d9d4c2f636f067f89cc14862c
bcb93d9680b08656367b3682a9b4c127-c81e728d9d4c2f636f067f89cc14862c,Lionel,ffeffd6344800bfc7214b6d7ef83ea10-a87ff679a2f3e71d9181a67b7542122c,talend,11e984a984d93dfdd006348b7f1f700e-c81e728d9d4c2f636f067f89cc14862c
bcb93d9680b08656367b3682a9b4c127-c81e728d9d4c2f636f067f89cc14862c,Lionel,e9305b36f4ce5b64e3ffdde4cb4414df-a87ff679a2f3e71d9181a67b7542122c,MySQL,a73ac70ac8369c5ac8466236ed93445b-c81e728d9d4c2f636f067f89cc14862c
bcb93d9680b08656367b3682a9b4c127-c81e728d9d4c2f636f067f89cc14862c,Lionel,362da8a51e150638e6981d0771534c8e-a87ff679a2f3e71d9181a67b7542122c,pentaho,6298995c69fbd7f057e5b770086e770b-c81e728d9d4c2f636f067f89cc14862c
bcb93d9680b08656367b3682a9b4c127-c81e728d9d4c2f636f067f89cc14862c,Lionel,35c4798d0240368c638e55bae0d57ffa-a87ff679a2f3e71d9181a67b7542122c,Linux,b9f2712f8d37d14a3eb39bf043e85b04-c81e728d9d4c2f636f067f89cc14862c
bcb93d9680b08656367b3682a9b4c127-c81e728d9d4c2f636f067f89cc14862c,Lionel,c064dffb1a0f1a937b56ee9c0c0a0b9c-a87ff679a2f3e71d9181a67b7542122c,unix,46515cf1c8836334da33f44d1c371452-c81e728d9d4c2f636f067f89cc14862c
bcb93d9680b08656367b3682a9b4c127-c81e728d9d4c2f636f067f89cc14862c,Lionel,7658e020131c329d176f7ad2d46b0c42-a87ff679a2f3e71d9181a67b7542122c,Oracle,17e1ee40e480b5ea92a39548aeb71994-c81e728d9d4c2f636f067f89cc14862c
bcb93d9680b08656367b3682a9b4c127-c81e728d9d4c2f636f067f89cc14862c,Lionel,a58efbe1a239da9280f6c0fe19958655-a87ff679a2f3e71d9181a67b7542122c,Google cloud,9c2f80160dac2902e7038de4733996ab-c81e728d9d4c2f636f067f89cc14862c
bcb93d9680b08656367b3682a9b4c127-c81e728d9d4c2f636f067f89cc14862c,Lionel,f6776d9a7bd892cf529b2bda3ca42d8b-a87ff679a2f3e71d9181a67b7542122c,Docker,c2cdea0d529b6c7dc1a0ea87cdd8cdb6-c81e728d9d4c2f636f067f89cc14862c
bcb93d9680b08656367b3682a9b4c127-c81e728d9d4c2f636f067f89cc14862c,Lionel,c270de469c4c338f3eade627746305bd-a87ff679a2f3e71d9181a67b7542122c,neo4j,c8eb57c4a7b9df4d36d23f0a663a9cbd-c81e728d9d4c2f636f067f89cc14862c
bcb93d9680b08656367b3682a9b4c127-c81e728d9d4c2f636f067f89cc14862c,Lionel,4bc67c9e6001ce92edd195848030cb53-a87ff679a2f3e71d9181a67b7542122c,Technical Leader,335db2861af21b6b35d4880a50ca759e-c81e728d9d4c2f636f067f89cc14862c
f9fdac801645d8b673ce785f01658a1e-c81e728d9d4c2f636f067f89cc14862c,Miguel,35c4798d0240368c638e55bae0d57ffa-a87ff679a2f3e71d9181a67b7542122c,Linux,0ca65dd7be51449cbddf3de13abbd7d1-c81e728d9d4c2f636f067f89cc14862c
f9fdac801645d8b673ce785f01658a1e-c81e728d9d4c2f636f067f89cc14862c,Miguel,2320e632b8e006a33216f6b3a1c78578-a87ff679a2f3e71d9181a67b7542122c,SQL Server,cccd50710688e8ce4ed34f7a80a7d87b-c81e728d9d4c2f636f067f89cc14862c
f9fdac801645d8b673ce785f01658a1e-c81e728d9d4c2f636f067f89cc14862c,Miguel,202a4729f08cfad5658fb7a6fb4ab47a-a87ff679a2f3e71d9181a67b7542122c,java,6af6b7650a408be285b2b0eca18d7e28-c81e728d9d4c2f636f067f89cc14862c
f9fdac801645d8b673ce785f01658a1e-c81e728d9d4c2f636f067f89cc14862c,Miguel,e9305b36f4ce5b64e3ffdde4cb4414df-a87ff679a2f3e71d9181a67b7542122c,MySQL,4a71cc422b96a618025f2c90eb6279b4-c81e728d9d4c2f636f067f89cc14862c
f9fdac801645d8b673ce785f01658a1e-c81e728d9d4c2f636f067f89cc14862c,Miguel,7d49add0d0c4fa941e927e85ad5226f2-a87ff679a2f3e71d9181a67b7542122c,Developer,4b1a0960dbdbbf49dfcfde7a6a650dd6-c81e728d9d4c2f636f067f89cc14862c
822736b3fe21296f7d5c35a5e13d3ca3-c81e728d9d4c2f636f067f89cc14862c,Luciana,2320e632b8e006a33216f6b3a1c78578-a87ff679a2f3e71d9181a67b7542122c,SQL Server,5a60db78bfff70a747e7f2583f4e2a49-c81e728d9d4c2f636f067f89cc14862c
822736b3fe21296f7d5c35a5e13d3ca3-c81e728d9d4c2f636f067f89cc14862c,Luciana,e9305b36f4ce5b64e3ffdde4cb4414df-a87ff679a2f3e71d9181a67b7542122c,MySQL,150ed14d970f071f937f87c058360864-c81e728d9d4c2f636f067f89cc14862c
822736b3fe21296f7d5c35a5e13d3ca3-c81e728d9d4c2f636f067f89cc14862c,Luciana,202a4729f08cfad5658fb7a6fb4ab47a-a87ff679a2f3e71d9181a67b7542122c,java,5e5e3244315070559584fa9c9d9a7d39-c81e728d9d4c2f636f067f89cc14862c
822736b3fe21296f7d5c35a5e13d3ca3-c81e728d9d4c2f636f067f89cc14862c,Luciana,35c4798d0240368c638e55bae0d57ffa-a87ff679a2f3e71d9181a67b7542122c,Linux,5879f8278f63706fc58091c891f3299e-c81e728d9d4c2f636f067f89cc14862c
822736b3fe21296f7d5c35a5e13d3ca3-c81e728d9d4c2f636f067f89cc14862c,Luciana,7d49add0d0c4fa941e927e85ad5226f2-a87ff679a2f3e71d9181a67b7542122c,Developer,81a84f3b1401a2b9af3e23965db2eda4-c81e728d9d4c2f636f067f89cc14862c
a5b6fc8ad5a79c2b57af4137389a7b6b-c81e728d9d4c2f636f067f89cc14862c,Marcelo,720d1c3fee7aef666abe0c50a9a7cde1-a87ff679a2f3e71d9181a67b7542122c,DBA,30278348282da02cd01f4d3d31ee2f98-c81e728d9d4c2f636f067f89cc14862c
a5b6fc8ad5a79c2b57af4137389a7b6b-c81e728d9d4c2f636f067f89cc14862c,Marcelo,342c8909ccc271dbb9d83e960fd04b00-a87ff679a2f3e71d9181a67b7542122c,windows,a926235c8a5b642d835ae6d9027462d6-c81e728d9d4c2f636f067f89cc14862c
a5b6fc8ad5a79c2b57af4137389a7b6b-c81e728d9d4c2f636f067f89cc14862c,Marcelo,35c4798d0240368c638e55bae0d57ffa-a87ff679a2f3e71d9181a67b7542122c,Linux,3182287fcfde7d9e4a9f9c0bd744f481-c81e728d9d4c2f636f067f89cc14862c
a5b6fc8ad5a79c2b57af4137389a7b6b-c81e728d9d4c2f636f067f89cc14862c,Marcelo,de1284aa9ed99ad37c8259c2028b161c-a87ff679a2f3e71d9181a67b7542122c,ODI,ce597e0573f888edfc38ed8afdad091f-c81e728d9d4c2f636f067f89cc14862c
a5b6fc8ad5a79c2b57af4137389a7b6b-c81e728d9d4c2f636f067f89cc14862c,Marcelo,43b6f263edd9539008d17939797e828c-a87ff679a2f3e71d9181a67b7542122c,Golden Gate,8aedd0b2654b9fca957c0b3ed0a947d7-c81e728d9d4c2f636f067f89cc14862c
a5b6fc8ad5a79c2b57af4137389a7b6b-c81e728d9d4c2f636f067f89cc14862c,Marcelo,7658e020131c329d176f7ad2d46b0c42-a87ff679a2f3e71d9181a67b7542122c,Oracle,ce28c7f8701d888348c234666f6918e5-c81e728d9d4c2f636f067f89cc14862c
a5b6fc8ad5a79c2b57af4137389a7b6b-c81e728d9d4c2f636f067f89cc14862c,Marcelo,51ffd7144fcc4ddc688bf08869913f7f-a87ff679a2f3e71d9181a67b7542122c,Vertica,2a4f423a3696b3f54a7791e35d545246-c81e728d9d4c2f636f067f89cc14862c
a5b6fc8ad5a79c2b57af4137389a7b6b-c81e728d9d4c2f636f067f89cc14862c,Marcelo,13858423f507c2e000f9928b1c241ee2-a87ff679a2f3e71d9181a67b7542122c,Oracle Cloud,a9ffe67859eda99fe2cec42d54f27433-c81e728d9d4c2f636f067f89cc14862c
dd05195a0be8a3102470e9d6955e49be-c81e728d9d4c2f636f067f89cc14862c,Perfiles,6bde45527df4be8bbb24be561e65f751-a87ff679a2f3e71d9181a67b7542122c,Data Scientist,690198fd20e3b80d3804195466f922df-c81e728d9d4c2f636f067f89cc14862c
dd05195a0be8a3102470e9d6955e49be-c81e728d9d4c2f636f067f89cc14862c,Perfiles,ac894b03f495d68a60f2d786e79aa1e3-a87ff679a2f3e71d9181a67b7542122c,Data Architect,5dac44a5f63127ccde45724b1502a0b0-c81e728d9d4c2f636f067f89cc14862c
dd05195a0be8a3102470e9d6955e49be-c81e728d9d4c2f636f067f89cc14862c,Perfiles,7d49add0d0c4fa941e927e85ad5226f2-a87ff679a2f3e71d9181a67b7542122c,Developer,85ccf554027fe5cb1cf8e15c5788cdf2-c81e728d9d4c2f636f067f89cc14862c
dd05195a0be8a3102470e9d6955e49be-c81e728d9d4c2f636f067f89cc14862c,Perfiles,4bc67c9e6001ce92edd195848030cb53-a87ff679a2f3e71d9181a67b7542122c,Technical Leader,30e71787f0f2ebe3d3b171d0f03ca3a5-c81e728d9d4c2f636f067f89cc14862c
dd05195a0be8a3102470e9d6955e49be-c81e728d9d4c2f636f067f89cc14862c,Perfiles,720d1c3fee7aef666abe0c50a9a7cde1-a87ff679a2f3e71d9181a67b7542122c,DBA,66055244d8e215fc43c4b980e5efe301-c81e728d9d4c2f636f067f89cc14862c
dd05195a0be8a3102470e9d6955e49be-c81e728d9d4c2f636f067f89cc14862c,Perfiles,a8cea7ec2709db07e628b80e2dafa2b6-a87ff679a2f3e71d9181a67b7542122c,Data Engineer,9cd2455c6d9d9bb6c2167235d058333e-c81e728d9d4c2f636f067f89cc14862c
c75df195acce9063a96459de85bc72b9-a87ff679a2f3e71d9181a67b7542122c,Monta un Cluster Hadoop Big Data desde Cero,7e978e6cfaa3e6de95722312e007357f-a87ff679a2f3e71d9181a67b7542122c,Hadoop,55faa3f0afb670b119bcc593f868c2ed-a87ff679a2f3e71d9181a67b7542122c
c75df195acce9063a96459de85bc72b9-a87ff679a2f3e71d9181a67b7542122c,Monta un Cluster Hadoop Big Data desde Cero,f441e44866d2cf1fa1edd368e0723cc8-a87ff679a2f3e71d9181a67b7542122c,cursos,40f3a960f943b2db3059f9062e0ca08a-a87ff679a2f3e71d9181a67b7542122c
35c4798d0240368c638e55bae0d57ffa-a87ff679a2f3e71d9181a67b7542122c,Linux,deafefd874acdccf7a2c9c1d235ecf62-a87ff679a2f3e71d9181a67b7542122c,SO,0f81dd22851c4f0fa97a39770861ffa9-a87ff679a2f3e71d9181a67b7542122c
79b60482d282d7fe48287ef484be2d31-a87ff679a2f3e71d9181a67b7542122c,Jonatan,720d1c3fee7aef666abe0c50a9a7cde1-a87ff679a2f3e71d9181a67b7542122c,DBA,5a52f1448645e78803b9da19dfb81d8f-c81e728d9d4c2f636f067f89cc14862c
79b60482d282d7fe48287ef484be2d31-a87ff679a2f3e71d9181a67b7542122c,Jonatan,342c8909ccc271dbb9d83e960fd04b00-a87ff679a2f3e71d9181a67b7542122c,windows,5ec88b25c8fc7eb0e34e718099fbb62c-c81e728d9d4c2f636f067f89cc14862c
79b60482d282d7fe48287ef484be2d31-a87ff679a2f3e71d9181a67b7542122c,Jonatan,35c4798d0240368c638e55bae0d57ffa-a87ff679a2f3e71d9181a67b7542122c,Linux,ca82c3626509e96771514d4abbd216a6-c81e728d9d4c2f636f067f89cc14862c
79b60482d282d7fe48287ef484be2d31-a87ff679a2f3e71d9181a67b7542122c,Jonatan,e9305b36f4ce5b64e3ffdde4cb4414df-a87ff679a2f3e71d9181a67b7542122c,MySQL,a4bbe0ae7d65a6894b3b03dd18119bdc-c81e728d9d4c2f636f067f89cc14862c
79b60482d282d7fe48287ef484be2d31-a87ff679a2f3e71d9181a67b7542122c,Jonatan,2320e632b8e006a33216f6b3a1c78578-a87ff679a2f3e71d9181a67b7542122c,SQL Server,04d44334e29dd979506a059d70af38f0-c81e728d9d4c2f636f067f89cc14862c
79b60482d282d7fe48287ef484be2d31-a87ff679a2f3e71d9181a67b7542122c,Jonatan,7c180a87acb6847b9b584671fc5e30e5-a87ff679a2f3e71d9181a67b7542122c,SQL,126145a54b6eb114debd8f3805e921ee-c81e728d9d4c2f636f067f89cc14862c
79b60482d282d7fe48287ef484be2d31-a87ff679a2f3e71d9181a67b7542122c,Jonatan,202a4729f08cfad5658fb7a6fb4ab47a-a87ff679a2f3e71d9181a67b7542122c,java,15fb6a3337d60db065a3e34643184c7e-c81e728d9d4c2f636f067f89cc14862c
6bb28c0af81044a5f2bf023eb7f253e2-a87ff679a2f3e71d9181a67b7542122c,Lucas,720d1c3fee7aef666abe0c50a9a7cde1-a87ff679a2f3e71d9181a67b7542122c,DBA,ba421d84b8027811a68a5b87d4af820d-c81e728d9d4c2f636f067f89cc14862c
6bb28c0af81044a5f2bf023eb7f253e2-a87ff679a2f3e71d9181a67b7542122c,Lucas,2320e632b8e006a33216f6b3a1c78578-a87ff679a2f3e71d9181a67b7542122c,SQL Server,4e31e5409155b98989a9ea88ddab1717-c81e728d9d4c2f636f067f89cc14862c
6bb28c0af81044a5f2bf023eb7f253e2-a87ff679a2f3e71d9181a67b7542122c,Lucas,43b6f263edd9539008d17939797e828c-a87ff679a2f3e71d9181a67b7542122c,Golden Gate,8c725b8c064884b5951237ef76190bec-a87ff679a2f3e71d9181a67b7542122c
6bb28c0af81044a5f2bf023eb7f253e2-a87ff679a2f3e71d9181a67b7542122c,Lucas,e9305b36f4ce5b64e3ffdde4cb4414df-a87ff679a2f3e71d9181a67b7542122c,MySQL,f12231519d490cdfc7396632164d1647-a87ff679a2f3e71d9181a67b7542122c
6bb28c0af81044a5f2bf023eb7f253e2-a87ff679a2f3e71d9181a67b7542122c,Lucas,7658e020131c329d176f7ad2d46b0c42-a87ff679a2f3e71d9181a67b7542122c,Oracle,ec87d696b71424ae93db9dd2cd1073ac-a87ff679a2f3e71d9181a67b7542122c
51280652ee54bf9e25636110b859faf5-a87ff679a2f3e71d9181a67b7542122c,Fernando,6bde45527df4be8bbb24be561e65f751-a87ff679a2f3e71d9181a67b7542122c,Data Scientist,4016edfca46898bfdda98c19f492994f-c81e728d9d4c2f636f067f89cc14862c
51280652ee54bf9e25636110b859faf5-a87ff679a2f3e71d9181a67b7542122c,Fernando,17fc99d3f691680db18b948f4b9a4547-a87ff679a2f3e71d9181a67b7542122c,AWS Lambda,4c2bb4f09629a1a29ed2a1a8efa1f895-c81e728d9d4c2f636f067f89cc14862c
51280652ee54bf9e25636110b859faf5-a87ff679a2f3e71d9181a67b7542122c,Fernando,bbbe1fbd5a476cc46c35ea4b051c1a36-a87ff679a2f3e71d9181a67b7542122c,phyton,04db1f22b0f10ed351def05d379144c1-c81e728d9d4c2f636f067f89cc14862c
51280652ee54bf9e25636110b859faf5-a87ff679a2f3e71d9181a67b7542122c,Fernando,f6776d9a7bd892cf529b2bda3ca42d8b-a87ff679a2f3e71d9181a67b7542122c,Docker,062fa267c4fd8ac715e7f0494223e8eb-c81e728d9d4c2f636f067f89cc14862c
51280652ee54bf9e25636110b859faf5-a87ff679a2f3e71d9181a67b7542122c,Fernando,4631193902bfaa235973c349bce7a3a7-a87ff679a2f3e71d9181a67b7542122c,Kubernetes,f4bac557afa272744ca50b9df217ab2f-c81e728d9d4c2f636f067f89cc14862c
51280652ee54bf9e25636110b859faf5-a87ff679a2f3e71d9181a67b7542122c,Fernando,35c4798d0240368c638e55bae0d57ffa-a87ff679a2f3e71d9181a67b7542122c,Linux,099634c953ccefa694fdf083698a220d-c81e728d9d4c2f636f067f89cc14862c
51280652ee54bf9e25636110b859faf5-a87ff679a2f3e71d9181a67b7542122c,Fernando,0d19f40ecc4c80ff14c2c225998be837-a87ff679a2f3e71d9181a67b7542122c,Spark,fd1f41c607859ef39b03f2f82c71b7ca-c81e728d9d4c2f636f067f89cc14862c
51280652ee54bf9e25636110b859faf5-a87ff679a2f3e71d9181a67b7542122c,Fernando,e9305b36f4ce5b64e3ffdde4cb4414df-a87ff679a2f3e71d9181a67b7542122c,MySQL,7812c295658e0dee1f01c5a858b2da94-c81e728d9d4c2f636f067f89cc14862c
51280652ee54bf9e25636110b859faf5-a87ff679a2f3e71d9181a67b7542122c,Fernando,2320e632b8e006a33216f6b3a1c78578-a87ff679a2f3e71d9181a67b7542122c,SQL Server,14c0008592360f8dc2afb141e30d043b-c81e728d9d4c2f636f067f89cc14862c
51280652ee54bf9e25636110b859faf5-a87ff679a2f3e71d9181a67b7542122c,Fernando,1e242f2a98674de62d26b486d59b4c70-a87ff679a2f3e71d9181a67b7542122c,R,19d51d97ce60682d33bb266c90f44174-c81e728d9d4c2f636f067f89cc14862c
f6b8790fd8dcb51f4ccec2e19f6db824-a87ff679a2f3e71d9181a67b7542122c,Gastón,720d1c3fee7aef666abe0c50a9a7cde1-a87ff679a2f3e71d9181a67b7542122c,DBA,6109eb863ea1d134694e4f561ad46567-c81e728d9d4c2f636f067f89cc14862c
f6b8790fd8dcb51f4ccec2e19f6db824-a87ff679a2f3e71d9181a67b7542122c,Gastón,de1284aa9ed99ad37c8259c2028b161c-a87ff679a2f3e71d9181a67b7542122c,ODI,523081e48af2e1d08c4add3dad0d3cba-c81e728d9d4c2f636f067f89cc14862c
f6b8790fd8dcb51f4ccec2e19f6db824-a87ff679a2f3e71d9181a67b7542122c,Gastón,362da8a51e150638e6981d0771534c8e-a87ff679a2f3e71d9181a67b7542122c,pentaho,4b0c45f8817c4d81b3e9cb2dd133a91f-a87ff679a2f3e71d9181a67b7542122c
f6b8790fd8dcb51f4ccec2e19f6db824-a87ff679a2f3e71d9181a67b7542122c,Gastón,43b6f263edd9539008d17939797e828c-a87ff679a2f3e71d9181a67b7542122c,Golden Gate,57faeff0ddd9755f6075b91448ddfd4d-a87ff679a2f3e71d9181a67b7542122c
533348a1f755b9512eb8b91aa07a300a-a87ff679a2f3e71d9181a67b7542122c,Andrea,7e978e6cfaa3e6de95722312e007357f-a87ff679a2f3e71d9181a67b7542122c,Hadoop,37a61163e6daf34ffc4cfdd85983981b-c81e728d9d4c2f636f067f89cc14862c
533348a1f755b9512eb8b91aa07a300a-a87ff679a2f3e71d9181a67b7542122c,Andrea,fdbea0fad95c6f981f32120701d8f1d3-a87ff679a2f3e71d9181a67b7542122c,MariaDB,d7a45d0731835e6d51b701cce147e296-c81e728d9d4c2f636f067f89cc14862c
533348a1f755b9512eb8b91aa07a300a-a87ff679a2f3e71d9181a67b7542122c,Andrea,2320e632b8e006a33216f6b3a1c78578-a87ff679a2f3e71d9181a67b7542122c,SQL Server,71bef141a7e6d0aafec0c65f0b4a28d7-c81e728d9d4c2f636f067f89cc14862c
533348a1f755b9512eb8b91aa07a300a-a87ff679a2f3e71d9181a67b7542122c,Andrea,e9305b36f4ce5b64e3ffdde4cb4414df-a87ff679a2f3e71d9181a67b7542122c,MySQL,44e93078bffadc6bf8d4f6b69285c6f3-c81e728d9d4c2f636f067f89cc14862c
533348a1f755b9512eb8b91aa07a300a-a87ff679a2f3e71d9181a67b7542122c,Andrea,f6776d9a7bd892cf529b2bda3ca42d8b-a87ff679a2f3e71d9181a67b7542122c,Docker,89513f07c556cd9d0259e032c3fdd8f3-c81e728d9d4c2f636f067f89cc14862c
533348a1f755b9512eb8b91aa07a300a-a87ff679a2f3e71d9181a67b7542122c,Andrea,35c4798d0240368c638e55bae0d57ffa-a87ff679a2f3e71d9181a67b7542122c,Linux,bddaddac68ce795bfab84e3266ccff07-c81e728d9d4c2f636f067f89cc14862c
533348a1f755b9512eb8b91aa07a300a-a87ff679a2f3e71d9181a67b7542122c,Andrea,dbc99b3e3534c783415b59b687bd3b49-a87ff679a2f3e71d9181a67b7542122c,Redis,6a7fac05bafc584912cb37a2bd4ea95d-c81e728d9d4c2f636f067f89cc14862c
533348a1f755b9512eb8b91aa07a300a-a87ff679a2f3e71d9181a67b7542122c,Andrea,4631193902bfaa235973c349bce7a3a7-a87ff679a2f3e71d9181a67b7542122c,Kubernetes,8fd9bcf9df81bf50a7f149d68fa85488-c81e728d9d4c2f636f067f89cc14862c
533348a1f755b9512eb8b91aa07a300a-a87ff679a2f3e71d9181a67b7542122c,Andrea,17fc99d3f691680db18b948f4b9a4547-a87ff679a2f3e71d9181a67b7542122c,AWS Lambda,4be6b388ce3c58103d3be9e5c9eedea3-c81e728d9d4c2f636f067f89cc14862c
533348a1f755b9512eb8b91aa07a300a-a87ff679a2f3e71d9181a67b7542122c,Andrea,b77f4a93e3e4fd6820501aed31048308-a87ff679a2f3e71d9181a67b7542122c,Azure,77262d4760819b2d44c1817dcff75cab-c81e728d9d4c2f636f067f89cc14862c
533348a1f755b9512eb8b91aa07a300a-a87ff679a2f3e71d9181a67b7542122c,Andrea,362da8a51e150638e6981d0771534c8e-a87ff679a2f3e71d9181a67b7542122c,pentaho,f3c6dd6107873d16186aab31b4da9eba-c81e728d9d4c2f636f067f89cc14862c
533348a1f755b9512eb8b91aa07a300a-a87ff679a2f3e71d9181a67b7542122c,Andrea,7d49add0d0c4fa941e927e85ad5226f2-a87ff679a2f3e71d9181a67b7542122c,Developer,4bc72ca43c10b85f7a6bc23cb5ef1f72-c81e728d9d4c2f636f067f89cc14862c
8ebb5bf7f39a9ec7304a17cdf5063df9-a87ff679a2f3e71d9181a67b7542122c,Martin,6bde45527df4be8bbb24be561e65f751-a87ff679a2f3e71d9181a67b7542122c,Data Scientist,ab71f48b5ba1181da8e76118b28489ef-c81e728d9d4c2f636f067f89cc14862c
8ebb5bf7f39a9ec7304a17cdf5063df9-a87ff679a2f3e71d9181a67b7542122c,Martin,51ffd7144fcc4ddc688bf08869913f7f-a87ff679a2f3e71d9181a67b7542122c,Vertica,dbc92bf247537dbeb663cf99c545ae10-a87ff679a2f3e71d9181a67b7542122c
8ebb5bf7f39a9ec7304a17cdf5063df9-a87ff679a2f3e71d9181a67b7542122c,Martin,2320e632b8e006a33216f6b3a1c78578-a87ff679a2f3e71d9181a67b7542122c,SQL Server,f22351b7ee28abe1ce38de89cc37e301-a87ff679a2f3e71d9181a67b7542122c
8ebb5bf7f39a9ec7304a17cdf5063df9-a87ff679a2f3e71d9181a67b7542122c,Martin,bbbe1fbd5a476cc46c35ea4b051c1a36-a87ff679a2f3e71d9181a67b7542122c,phyton,18efebc43d1a0da0010e102c804f7e36-a87ff679a2f3e71d9181a67b7542122c
8ebb5bf7f39a9ec7304a17cdf5063df9-a87ff679a2f3e71d9181a67b7542122c,Martin,de1284aa9ed99ad37c8259c2028b161c-a87ff679a2f3e71d9181a67b7542122c,ODI,2e5a2a961bb7f5ef615b927a922c6983-a87ff679a2f3e71d9181a67b7542122c
4cd45b1d7210ec9b517bd44c201454ba-a87ff679a2f3e71d9181a67b7542122c,Team1,79b60482d282d7fe48287ef484be2d31-a87ff679a2f3e71d9181a67b7542122c,Jonatan,ddcf399a9481fb98e95be202496acbbc-a87ff679a2f3e71d9181a67b7542122c
4cd45b1d7210ec9b517bd44c201454ba-a87ff679a2f3e71d9181a67b7542122c,Team1,6bb28c0af81044a5f2bf023eb7f253e2-a87ff679a2f3e71d9181a67b7542122c,Lucas,bdcaa911191e7e229b4be33b4afea8ce-a87ff679a2f3e71d9181a67b7542122c
4cd45b1d7210ec9b517bd44c201454ba-a87ff679a2f3e71d9181a67b7542122c,Team1,51280652ee54bf9e25636110b859faf5-a87ff679a2f3e71d9181a67b7542122c,Fernando,3f72a2b4e6e9a7b24bec95e8fa38feec-a87ff679a2f3e71d9181a67b7542122c
4cd45b1d7210ec9b517bd44c201454ba-a87ff679a2f3e71d9181a67b7542122c,Team1,f6b8790fd8dcb51f4ccec2e19f6db824-a87ff679a2f3e71d9181a67b7542122c,Gastón,aa2fd1ed3c35bb00eaeefff7ff94425e-a87ff679a2f3e71d9181a67b7542122c
4cd45b1d7210ec9b517bd44c201454ba-a87ff679a2f3e71d9181a67b7542122c,Team1,533348a1f755b9512eb8b91aa07a300a-a87ff679a2f3e71d9181a67b7542122c,Andrea,0c436c02b1b0ac7eea5cec485a08af92-a87ff679a2f3e71d9181a67b7542122c
4cd45b1d7210ec9b517bd44c201454ba-a87ff679a2f3e71d9181a67b7542122c,Team1,8ebb5bf7f39a9ec7304a17cdf5063df9-a87ff679a2f3e71d9181a67b7542122c,Martin,9fa9e6c80878e6c2506c27dc1ac40ccf-a87ff679a2f3e71d9181a67b7542122c
4631193902bfaa235973c349bce7a3a7-a87ff679a2f3e71d9181a67b7542122c,Kubernetes,52dcc954f0e2235ecd4675e7966ec6ef-a87ff679a2f3e71d9181a67b7542122c,Contenedores,9c25a13492c8a8c9c3291f583742fa86-a87ff679a2f3e71d9181a67b7542122c
dbc99b3e3534c783415b59b687bd3b49-a87ff679a2f3e71d9181a67b7542122c,Redis,033b8b21e9a6bb06969eaf9e9f5b3abd-a87ff679a2f3e71d9181a67b7542122c,In-memory,66ce7e5177b4dafa9e93350deabbdb4c-a87ff679a2f3e71d9181a67b7542122c
74d7bde7ea69ff4f8b8a5130ebd907f2-a87ff679a2f3e71d9181a67b7542122c,HBase,09d037be8031bba8db90fb2f69c150e0-a87ff679a2f3e71d9181a67b7542122c,Columnares,6946af4d223c158ab562a8fbdc4fc8be-a87ff679a2f3e71d9181a67b7542122c
c270de469c4c338f3eade627746305bd-a87ff679a2f3e71d9181a67b7542122c,neo4j,601d9d2120909a0375d14213d2723ab7-a87ff679a2f3e71d9181a67b7542122c,Graph db,a090aad9246284167dd3ba3aa14027c9-a87ff679a2f3e71d9181a67b7542122c
601d9d2120909a0375d14213d2723ab7-a87ff679a2f3e71d9181a67b7542122c,Graph db,3c52acae246e2af61b21a3b6e63c0b49-a87ff679a2f3e71d9181a67b7542122c,NoSQL,d53f6dff2ce8489c734310c4d79bad57-a87ff679a2f3e71d9181a67b7542122c
13858423f507c2e000f9928b1c241ee2-a87ff679a2f3e71d9181a67b7542122c,Oracle Cloud,27335c011ef4cfdd7ba4cd9a41abc2c2-a87ff679a2f3e71d9181a67b7542122c,Cloud Computing,dce69b32c1c90db41929727623b91bc5-a87ff679a2f3e71d9181a67b7542122c
c29acc2b51f2b406b6eecea7e2684d14-a87ff679a2f3e71d9181a67b7542122c,Huawei,27335c011ef4cfdd7ba4cd9a41abc2c2-a87ff679a2f3e71d9181a67b7542122c,Cloud Computing,dc5b007e82829750f948f5f8bbd45941-a87ff679a2f3e71d9181a67b7542122c
0d19f40ecc4c80ff14c2c225998be837-a87ff679a2f3e71d9181a67b7542122c,Spark,033b8b21e9a6bb06969eaf9e9f5b3abd-a87ff679a2f3e71d9181a67b7542122c,In-memory,3a830c1047787726383415da970edd9d-a87ff679a2f3e71d9181a67b7542122c
51ffd7144fcc4ddc688bf08869913f7f-a87ff679a2f3e71d9181a67b7542122c,Vertica,09d037be8031bba8db90fb2f69c150e0-a87ff679a2f3e71d9181a67b7542122c,Columnares,de27e0ed1b5121ba3f12c3e3726937d0-a87ff679a2f3e71d9181a67b7542122c
df5ce2c75d1977ddd8ac6494795b5ccf-a87ff679a2f3e71d9181a67b7542122c,Cassandra,09d037be8031bba8db90fb2f69c150e0-a87ff679a2f3e71d9181a67b7542122c,Columnares,2e5e984562bf5b8fb2de4c5e315dcf01-a87ff679a2f3e71d9181a67b7542122c
241f2fae45ff465b69bf61a2bc718190-a87ff679a2f3e71d9181a67b7542122c,CQL,bb906c05289c29654b54a94ced2e697c-a87ff679a2f3e71d9181a67b7542122c,Lenguajes,966cf07ba1e3e00b19548f7d41a019a9-a87ff679a2f3e71d9181a67b7542122c
29129331578124536456224852634a50-a87ff679a2f3e71d9181a67b7542122c,MongoDB,9cf5401ebe52d0560ad1e4ae0809e4bb-a87ff679a2f3e71d9181a67b7542122c,Documentales,a1bd7fecfb775e2e0de74a1698053974-a87ff679a2f3e71d9181a67b7542122c
30ee655927b9f44e9e5f30a45e2ae6cb-a87ff679a2f3e71d9181a67b7542122c,Athena,27335c011ef4cfdd7ba4cd9a41abc2c2-a87ff679a2f3e71d9181a67b7542122c,Cloud Computing,3e60ae0c23a7bfb4d81c5e95fb7bc95c-a87ff679a2f3e71d9181a67b7542122c
1965cf7c2c626236f163cbe68ace7c74-a87ff679a2f3e71d9181a67b7542122c,RDS,e8173ce541b175489ea47a083af3b629-a87ff679a2f3e71d9181a67b7542122c,AWS,b94e94bc847ab4f35272213a57413be6-a87ff679a2f3e71d9181a67b7542122c
91474e6333f40be57371e3d65e92edca-a87ff679a2f3e71d9181a67b7542122c,Glue,27335c011ef4cfdd7ba4cd9a41abc2c2-a87ff679a2f3e71d9181a67b7542122c,Cloud Computing,89928e7deb2381a05a9e0fdfbf811b57-a87ff679a2f3e71d9181a67b7542122c
c218987b1ee446bc335063c30f969527-a87ff679a2f3e71d9181a67b7542122c,IAM,27335c011ef4cfdd7ba4cd9a41abc2c2-a87ff679a2f3e71d9181a67b7542122c,Cloud Computing,336ab4d75678b1453730b9ad1a56f14c-a87ff679a2f3e71d9181a67b7542122c
dc20dfd264b9224d2ea12f26955b082f-a87ff679a2f3e71d9181a67b7542122c,EMR,27335c011ef4cfdd7ba4cd9a41abc2c2-a87ff679a2f3e71d9181a67b7542122c,Cloud Computing,0e5a71c9ab5d6dbc97d4ec680a833e6c-a87ff679a2f3e71d9181a67b7542122c
43b6f263edd9539008d17939797e828c-a87ff679a2f3e71d9181a67b7542122c,Golden Gate,263db3933c2cb8e9b139373fdd57defb-a87ff679a2f3e71d9181a67b7542122c,Integracion,16a4800f7e663cfea0dcce2bc73cb306-a87ff679a2f3e71d9181a67b7542122c
9e2c0a7746662a43ed60aacaa834626c-a87ff679a2f3e71d9181a67b7542122c,Cask,263db3933c2cb8e9b139373fdd57defb-a87ff679a2f3e71d9181a67b7542122c,Integracion,9374adfdd4d47aa8356258e896e92e3f-a87ff679a2f3e71d9181a67b7542122c
b28b76d463b7bd1a2bdf037cec627f04-a87ff679a2f3e71d9181a67b7542122c,Azkaban,263db3933c2cb8e9b139373fdd57defb-a87ff679a2f3e71d9181a67b7542122c,Integracion,d6a07bfa2382ed292ade8fcbfe9d9e00-a87ff679a2f3e71d9181a67b7542122c
e540288494ff8c412c83ad12833fa63e-a87ff679a2f3e71d9181a67b7542122c,Luigi,263db3933c2cb8e9b139373fdd57defb-a87ff679a2f3e71d9181a67b7542122c,Integracion,6efc5495b205abfddc3edb67a55366e8-a87ff679a2f3e71d9181a67b7542122c
e1e8ce3faf08dd3c935ef958ab7214bb-a87ff679a2f3e71d9181a67b7542122c,Airflow,263db3933c2cb8e9b139373fdd57defb-a87ff679a2f3e71d9181a67b7542122c,Integracion,099fa6035a5eab7a8dcb3f7c29b9cb78-a87ff679a2f3e71d9181a67b7542122c
9b79bf80b0702b2d21bf0da46b111684-a87ff679a2f3e71d9181a67b7542122c,MS SSIS,263db3933c2cb8e9b139373fdd57defb-a87ff679a2f3e71d9181a67b7542122c,Integracion,d41a03df4ac92788d947ca72cc209ec7-a87ff679a2f3e71d9181a67b7542122c
deafefd874acdccf7a2c9c1d235ecf62-a87ff679a2f3e71d9181a67b7542122c,SO,c064dffb1a0f1a937b56ee9c0c0a0b9c-a87ff679a2f3e71d9181a67b7542122c,unix,f97a9b3e06fb045d95c828de4bb783a1-a87ff679a2f3e71d9181a67b7542122c
deafefd874acdccf7a2c9c1d235ecf62-a87ff679a2f3e71d9181a67b7542122c,SO,342c8909ccc271dbb9d83e960fd04b00-a87ff679a2f3e71d9181a67b7542122c,windows,21bf7464dd015d968033e9e97a29e169-a87ff679a2f3e71d9181a67b7542122c
deafefd874acdccf7a2c9c1d235ecf62-a87ff679a2f3e71d9181a67b7542122c,SO,a1e01b9df0dab2bfd6d9b32e10e397c8-a87ff679a2f3e71d9181a67b7542122c,Busqueda Skill,05c6bcf0d302177e0dbb66fedd88876f-a87ff679a2f3e71d9181a67b7542122c
52dcc954f0e2235ecd4675e7966ec6ef-a87ff679a2f3e71d9181a67b7542122c,Contenedores,a1e01b9df0dab2bfd6d9b32e10e397c8-a87ff679a2f3e71d9181a67b7542122c,Busqueda Skill,99fd7316d5617cf4f06f06c28b55fbfd-a87ff679a2f3e71d9181a67b7542122c
3c52acae246e2af61b21a3b6e63c0b49-a87ff679a2f3e71d9181a67b7542122c,NoSQL,033b8b21e9a6bb06969eaf9e9f5b3abd-a87ff679a2f3e71d9181a67b7542122c,In-memory,3d7709430085375e6fa22f9a0b4409d0-a87ff679a2f3e71d9181a67b7542122c
3c52acae246e2af61b21a3b6e63c0b49-a87ff679a2f3e71d9181a67b7542122c,NoSQL,09d037be8031bba8db90fb2f69c150e0-a87ff679a2f3e71d9181a67b7542122c,Columnares,d09e7ec1176abdda9fef818959a56236-a87ff679a2f3e71d9181a67b7542122c
3c52acae246e2af61b21a3b6e63c0b49-a87ff679a2f3e71d9181a67b7542122c,NoSQL,9cf5401ebe52d0560ad1e4ae0809e4bb-a87ff679a2f3e71d9181a67b7542122c,Documentales,3e1ca95f8619b6c80ed7baffd31f876d-a87ff679a2f3e71d9181a67b7542122c
a84fbcb117201786a2fdf9f4ca0d72c1-a87ff679a2f3e71d9181a67b7542122c,Data warehouse,a1e01b9df0dab2bfd6d9b32e10e397c8-a87ff679a2f3e71d9181a67b7542122c,Busqueda Skill,4b82393ee24917d35a53d86b1e1ca5a5-a87ff679a2f3e71d9181a67b7542122c
fdbea0fad95c6f981f32120701d8f1d3-a87ff679a2f3e71d9181a67b7542122c,MariaDB,385f6a804a0f4eb24d745b82fe5cc9cf-a87ff679a2f3e71d9181a67b7542122c,Relacionales,c06c37484145f907d12dc0f5ca70454d-a87ff679a2f3e71d9181a67b7542122c
2320e632b8e006a33216f6b3a1c78578-a87ff679a2f3e71d9181a67b7542122c,SQL Server,385f6a804a0f4eb24d745b82fe5cc9cf-a87ff679a2f3e71d9181a67b7542122c,Relacionales,f1c41c862ec6dd68a081c85e5947c4b7-a87ff679a2f3e71d9181a67b7542122c
e8173ce541b175489ea47a083af3b629-a87ff679a2f3e71d9181a67b7542122c,AWS,17fc99d3f691680db18b948f4b9a4547-a87ff679a2f3e71d9181a67b7542122c,AWS Lambda,a63b28adb5164226947f8c53c7e7672c-a87ff679a2f3e71d9181a67b7542122c
e8173ce541b175489ea47a083af3b629-a87ff679a2f3e71d9181a67b7542122c,AWS,31985bb925fa449ee8d01350cb2f008d-a87ff679a2f3e71d9181a67b7542122c,AWS Kinesis,01c56cf8d081a9e5220c5e4d3b88d363-a87ff679a2f3e71d9181a67b7542122c
e8173ce541b175489ea47a083af3b629-a87ff679a2f3e71d9181a67b7542122c,AWS,e75155594a0fd8405cde512bd9aaedad-a87ff679a2f3e71d9181a67b7542122c,DynamoDB,e6217d8a8844ba460b9135e3426d937b-a87ff679a2f3e71d9181a67b7542122c
e8173ce541b175489ea47a083af3b629-a87ff679a2f3e71d9181a67b7542122c,AWS,886f0d10fd11a0fb8f50aa3b4eb4b2ba-a87ff679a2f3e71d9181a67b7542122c,EC2,e2ba7c8e837c0bf3137baee8cf8a21ac-a87ff679a2f3e71d9181a67b7542122c
e8173ce541b175489ea47a083af3b629-a87ff679a2f3e71d9181a67b7542122c,AWS,d37772bf703931e76d906eaafe580293-a87ff679a2f3e71d9181a67b7542122c,S3,5b7516bd52c16ed29d54065a82e35b78-a87ff679a2f3e71d9181a67b7542122c
27335c011ef4cfdd7ba4cd9a41abc2c2-a87ff679a2f3e71d9181a67b7542122c,Cloud Computing,a58efbe1a239da9280f6c0fe19958655-a87ff679a2f3e71d9181a67b7542122c,Google cloud,b8e7d66205f7dcf57049546eb7dfefb6-a87ff679a2f3e71d9181a67b7542122c
27335c011ef4cfdd7ba4cd9a41abc2c2-a87ff679a2f3e71d9181a67b7542122c,Cloud Computing,b77f4a93e3e4fd6820501aed31048308-a87ff679a2f3e71d9181a67b7542122c,Azure,eac9f83e6bc8e85a6d9035d36cc27227-a87ff679a2f3e71d9181a67b7542122c
27335c011ef4cfdd7ba4cd9a41abc2c2-a87ff679a2f3e71d9181a67b7542122c,Cloud Computing,e8173ce541b175489ea47a083af3b629-a87ff679a2f3e71d9181a67b7542122c,AWS,2002ca2b94ea55557d088311e363206f-a87ff679a2f3e71d9181a67b7542122c
27335c011ef4cfdd7ba4cd9a41abc2c2-a87ff679a2f3e71d9181a67b7542122c,Cloud Computing,a1e01b9df0dab2bfd6d9b32e10e397c8-a87ff679a2f3e71d9181a67b7542122c,Busqueda Skill,9060b9865efccfd9f49fe876f92e13b1-a87ff679a2f3e71d9181a67b7542122c
4b6686dc62b2efb082628b573f476915-a87ff679a2f3e71d9181a67b7542122c,Procesamiento,7e978e6cfaa3e6de95722312e007357f-a87ff679a2f3e71d9181a67b7542122c,Hadoop,66f90cb62e0c3270432c8b8ee5ba637c-a87ff679a2f3e71d9181a67b7542122c
4b6686dc62b2efb082628b573f476915-a87ff679a2f3e71d9181a67b7542122c,Procesamiento,5078d453a4b43715999369d2fea190f1-a87ff679a2f3e71d9181a67b7542122c,Spark,cbeda984dd0425f973fb4fa930ab1a60-a87ff679a2f3e71d9181a67b7542122c
4b6686dc62b2efb082628b573f476915-a87ff679a2f3e71d9181a67b7542122c,Procesamiento,a1e01b9df0dab2bfd6d9b32e10e397c8-a87ff679a2f3e71d9181a67b7542122c,Busqueda Skill,db5befc893dc9fee893f4e8e41b700d4-a87ff679a2f3e71d9181a67b7542122c
a8cea7ec2709db07e628b80e2dafa2b6-a87ff679a2f3e71d9181a67b7542122c,Data Engineer,f441e44866d2cf1fa1edd368e0723cc8-a87ff679a2f3e71d9181a67b7542122c,cursos,93a8dd574a9df5d04c739f5e77cd43af-a87ff679a2f3e71d9181a67b7542122c
a8cea7ec2709db07e628b80e2dafa2b6-a87ff679a2f3e71d9181a67b7542122c,Data Engineer,a1e01b9df0dab2bfd6d9b32e10e397c8-a87ff679a2f3e71d9181a67b7542122c,Busqueda Skill,2946e699431ef57ca7083ad626f1a53f-a87ff679a2f3e71d9181a67b7542122c
a1e01b9df0dab2bfd6d9b32e10e397c8-a87ff679a2f3e71d9181a67b7542122c,Busqueda Skill,ff64319904f4832ee19df96250276033-c81e728d9d4c2f636f067f89cc14862c,Inst DB,62eb0d75c5908fb3db48866e8eadde11-c81e728d9d4c2f636f067f89cc14862c
f6776d9a7bd892cf529b2bda3ca42d8b-a87ff679a2f3e71d9181a67b7542122c,Docker,52dcc954f0e2235ecd4675e7966ec6ef-a87ff679a2f3e71d9181a67b7542122c,Contenedores,c83794ff3d2fc0279f5549c5b9f328f9-a87ff679a2f3e71d9181a67b7542122c
322f3c1551e028f7f45933a5c192f85a-a87ff679a2f3e71d9181a67b7542122c,Bases de Datos,3c52acae246e2af61b21a3b6e63c0b49-a87ff679a2f3e71d9181a67b7542122c,NoSQL,4280816160ef45d156d707c383462230-a87ff679a2f3e71d9181a67b7542122c
322f3c1551e028f7f45933a5c192f85a-a87ff679a2f3e71d9181a67b7542122c,Bases de Datos,385f6a804a0f4eb24d745b82fe5cc9cf-a87ff679a2f3e71d9181a67b7542122c,Relacionales,8e67f5049132680c0afdebb3b32fbb36-a87ff679a2f3e71d9181a67b7542122c
322f3c1551e028f7f45933a5c192f85a-a87ff679a2f3e71d9181a67b7542122c,Bases de Datos,a1e01b9df0dab2bfd6d9b32e10e397c8-a87ff679a2f3e71d9181a67b7542122c,Busqueda Skill,a09dd737daebed2152535e355def08ee-a87ff679a2f3e71d9181a67b7542122c
7658e020131c329d176f7ad2d46b0c42-a87ff679a2f3e71d9181a67b7542122c,Oracle,385f6a804a0f4eb24d745b82fe5cc9cf-a87ff679a2f3e71d9181a67b7542122c,Relacionales,f3db2deec94b552f5845171968ee3787-a87ff679a2f3e71d9181a67b7542122c
f61ef2e9dee2b13b9d5bc95d26cd2ce4-a87ff679a2f3e71d9181a67b7542122c,PostgreSQL,385f6a804a0f4eb24d745b82fe5cc9cf-a87ff679a2f3e71d9181a67b7542122c,Relacionales,4b4a3d2efe41cc373842193fceaf32f5-a87ff679a2f3e71d9181a67b7542122c
e9305b36f4ce5b64e3ffdde4cb4414df-a87ff679a2f3e71d9181a67b7542122c,MySQL,385f6a804a0f4eb24d745b82fe5cc9cf-a87ff679a2f3e71d9181a67b7542122c,Relacionales,5a74891366278020e215474c39834891-a87ff679a2f3e71d9181a67b7542122c
a220b9927556efa9ee9e3ac4cd5644e0-a87ff679a2f3e71d9181a67b7542122c,ETL,a1e01b9df0dab2bfd6d9b32e10e397c8-a87ff679a2f3e71d9181a67b7542122c,Busqueda Skill,44fcdc76e76c213243a1d307da81583d-a87ff679a2f3e71d9181a67b7542122c
ffeffd6344800bfc7214b6d7ef83ea10-a87ff679a2f3e71d9181a67b7542122c,talend,a220b9927556efa9ee9e3ac4cd5644e0-a87ff679a2f3e71d9181a67b7542122c,ETL,9456d38ed3514408e5fe1ae9190d5c2e-a87ff679a2f3e71d9181a67b7542122c
362da8a51e150638e6981d0771534c8e-a87ff679a2f3e71d9181a67b7542122c,pentaho,263db3933c2cb8e9b139373fdd57defb-a87ff679a2f3e71d9181a67b7542122c,Integracion,eca42cf104069943906ab353a1c43807-a87ff679a2f3e71d9181a67b7542122c
362da8a51e150638e6981d0771534c8e-a87ff679a2f3e71d9181a67b7542122c,pentaho,a220b9927556efa9ee9e3ac4cd5644e0-a87ff679a2f3e71d9181a67b7542122c,ETL,78c1dcae4ee614ba1418475837d2431e-a87ff679a2f3e71d9181a67b7542122c
263db3933c2cb8e9b139373fdd57defb-a87ff679a2f3e71d9181a67b7542122c,Integracion,de1284aa9ed99ad37c8259c2028b161c-a87ff679a2f3e71d9181a67b7542122c,ODI,b4e0afa1710f68a87e5ad6d746955151-a87ff679a2f3e71d9181a67b7542122c
263db3933c2cb8e9b139373fdd57defb-a87ff679a2f3e71d9181a67b7542122c,Integracion,0439e66b7eb8e2edb6376514d8ffd883-a87ff679a2f3e71d9181a67b7542122c,PDI,4d0668858bad9d625896a6d4216e0eb8-a87ff679a2f3e71d9181a67b7542122c
263db3933c2cb8e9b139373fdd57defb-a87ff679a2f3e71d9181a67b7542122c,Integracion,a1e01b9df0dab2bfd6d9b32e10e397c8-a87ff679a2f3e71d9181a67b7542122c,Busqueda Skill,8a5f85e98c6089c012f60d70e2475ae4-a87ff679a2f3e71d9181a67b7542122c
bb906c05289c29654b54a94ced2e697c-a87ff679a2f3e71d9181a67b7542122c,Lenguajes,7c180a87acb6847b9b584671fc5e30e5-a87ff679a2f3e71d9181a67b7542122c,SQL,cd7ae4f9acffb8a54fee4e366980f005-a87ff679a2f3e71d9181a67b7542122c
bb906c05289c29654b54a94ced2e697c-a87ff679a2f3e71d9181a67b7542122c,Lenguajes,202a4729f08cfad5658fb7a6fb4ab47a-a87ff679a2f3e71d9181a67b7542122c,java,23b09d4501f7ed772b6a271ef83fa6cd-a87ff679a2f3e71d9181a67b7542122c
bb906c05289c29654b54a94ced2e697c-a87ff679a2f3e71d9181a67b7542122c,Lenguajes,1e242f2a98674de62d26b486d59b4c70-a87ff679a2f3e71d9181a67b7542122c,R,756b0fe5a35a3577770383391151f619-a87ff679a2f3e71d9181a67b7542122c
bb906c05289c29654b54a94ced2e697c-a87ff679a2f3e71d9181a67b7542122c,Lenguajes,7f85fb3ca43d29a9100c4519e12f2fcd-a87ff679a2f3e71d9181a67b7542122c,scala,a3ed5515e9b9559c6da9633ed50c2782-a87ff679a2f3e71d9181a67b7542122c
bb906c05289c29654b54a94ced2e697c-a87ff679a2f3e71d9181a67b7542122c,Lenguajes,bbbe1fbd5a476cc46c35ea4b051c1a36-a87ff679a2f3e71d9181a67b7542122c,phyton,61819fa8a677e16b4df47ce27b483661-a87ff679a2f3e71d9181a67b7542122c
bb906c05289c29654b54a94ced2e697c-a87ff679a2f3e71d9181a67b7542122c,Lenguajes,a1e01b9df0dab2bfd6d9b32e10e397c8-a87ff679a2f3e71d9181a67b7542122c,Busqueda Skill,5d1dc767f6d5e87eac50c94495a07a9e-a87ff679a2f3e71d9181a67b7542122c